segment_id,seek,start,end,text,tokens,temperature,segment_avg_logprob,segment_compression_ratio,segment_no_speech_prob,nltk_opinion_lexicon_positive,nltk_opinion_lexicon_negative,nltk_opinion_lexicon_net,vader_neg,vader_neu,vader_pos,vader_compound
0,0,0.0,7.119999885559082," Briefly, clearly, I am not Joe Biden, and I am certainly not Donald Trump.","[50364, 39805, 356, 11, 4448, 11, 286, 669, 406, 6807, 9877, 11, 293, 286, 669, 3297, 406, 8632, 3899, 13, 50720]",0.0,-0.29413166642189026,1.5104166269302368,0.15909989178180695,0.0,0.0,0.0,0.0,0.662,0.338,0.6249
1,0,7.840000152587891,12.600000381469727," And what I do offer is a new generation of leadership for our country, one who","[50756, 400, 437, 286, 360, 2626, 307, 257, 777, 5125, 295, 5848, 337, 527, 1941, 11, 472, 567, 50994]",0.0,-0.29413166642189026,1.5104166269302368,0.15909989178180695,0.0,0.0,0.0,0.0,1.0,0.0,0.0
2,0,12.600000381469727,18.920000076293945," believes in what is possible, one who brings a sense of optimism about what","[50994, 12307, 294, 437, 307, 1944, 11, 472, 567, 5607, 257, 2020, 295, 31074, 466, 437, 51310]",0.0,-0.29413166642189026,1.5104166269302368,0.15909989178180695,0.07142857142857142,0.0,0.07142857142857142,0.0,0.774,0.226,0.5423
3,0,18.920000076293945,23.8799991607666, we can do instead of always disparaging the American people.,"[51310, 321, 393, 360, 2602, 295, 1009, 14548, 3568, 264, 2665, 561, 13, 51558]",0.0,-0.29413166642189026,1.5104166269302368,0.15909989178180695,0.0,0.1,-0.1,0.262,0.738,0.0,-0.4939
4,2388,24.399999618530273,29.760000228881836," I believe in what we can do to strengthen our small businesses, which","[50390, 286, 1697, 294, 437, 321, 393, 360, 281, 17045, 527, 1359, 6011, 11, 597, 50658]",0.0,-0.2515113353729248,1.2905982732772827,0.5116526484489441,0.0,0.0,0.0,0.0,0.827,0.173,0.3182
5,2388,29.760000228881836,35.119998931884766, is why I have a plan. Let's talk about our plans and and let's compare the,"[50658, 307, 983, 286, 362, 257, 1393, 13, 961, 311, 751, 466, 527, 5482, 293, 293, 718, 311, 6794, 264, 50926]",0.0,-0.2515113353729248,1.2905982732772827,0.5116526484489441,0.0,0.0,0.0,0.0,1.0,0.0,0.0
6,2388,35.119998931884766,35.7599983215332, plans.,"[50926, 5482, 13, 50958]",0.0,-0.2515113353729248,1.2905982732772827,0.5116526484489441,0.0,0.0,0.0,0.0,1.0,0.0,0.0
