{
    "transcription_text": "Briefly, clearly, I am not Joe Biden, and I am certainly not Donald Trump. And what I do offer is a new generation of leadership for our country, one who believes in what is possible, one who brings a sense of optimism about what we can do instead of always disparaging the American people. I believe in what we can do to strengthen our small businesses, which is why I have a plan. Let's talk about our plans and and let's compare the plans.",
    "segments": [
        {
            "id": 0,
            "seek": 0,
            "start": 0.0,
            "end": 7.119999885559082,
            "text": " Briefly, clearly, I am not Joe Biden, and I am certainly not Donald Trump.",
            "tokens": [
                50364,
                39805,
                356,
                11,
                4448,
                11,
                286,
                669,
                406,
                6807,
                9877,
                11,
                293,
                286,
                669,
                3297,
                406,
                8632,
                3899,
                13,
                50720
            ],
            "temperature": 0.0,
            "avg_logprob": -0.29413166642189026,
            "compression_ratio": 1.5104166269302368,
            "no_speech_prob": 0.15909989178180695
        },
        {
            "id": 1,
            "seek": 0,
            "start": 7.840000152587891,
            "end": 12.600000381469727,
            "text": " And what I do offer is a new generation of leadership for our country, one who",
            "tokens": [
                50756,
                400,
                437,
                286,
                360,
                2626,
                307,
                257,
                777,
                5125,
                295,
                5848,
                337,
                527,
                1941,
                11,
                472,
                567,
                50994
            ],
            "temperature": 0.0,
            "avg_logprob": -0.29413166642189026,
            "compression_ratio": 1.5104166269302368,
            "no_speech_prob": 0.15909989178180695
        },
        {
            "id": 2,
            "seek": 0,
            "start": 12.600000381469727,
            "end": 18.920000076293945,
            "text": " believes in what is possible, one who brings a sense of optimism about what",
            "tokens": [
                50994,
                12307,
                294,
                437,
                307,
                1944,
                11,
                472,
                567,
                5607,
                257,
                2020,
                295,
                31074,
                466,
                437,
                51310
            ],
            "temperature": 0.0,
            "avg_logprob": -0.29413166642189026,
            "compression_ratio": 1.5104166269302368,
            "no_speech_prob": 0.15909989178180695
        },
        {
            "id": 3,
            "seek": 0,
            "start": 18.920000076293945,
            "end": 23.8799991607666,
            "text": " we can do instead of always disparaging the American people.",
            "tokens": [
                51310,
                321,
                393,
                360,
                2602,
                295,
                1009,
                14548,
                3568,
                264,
                2665,
                561,
                13,
                51558
            ],
            "temperature": 0.0,
            "avg_logprob": -0.29413166642189026,
            "compression_ratio": 1.5104166269302368,
            "no_speech_prob": 0.15909989178180695
        },
        {
            "id": 4,
            "seek": 2388,
            "start": 24.399999618530273,
            "end": 29.760000228881836,
            "text": " I believe in what we can do to strengthen our small businesses, which",
            "tokens": [
                50390,
                286,
                1697,
                294,
                437,
                321,
                393,
                360,
                281,
                17045,
                527,
                1359,
                6011,
                11,
                597,
                50658
            ],
            "temperature": 0.0,
            "avg_logprob": -0.2515113353729248,
            "compression_ratio": 1.2905982732772827,
            "no_speech_prob": 0.5116526484489441
        },
        {
            "id": 5,
            "seek": 2388,
            "start": 29.760000228881836,
            "end": 35.119998931884766,
            "text": " is why I have a plan. Let's talk about our plans and and let's compare the",
            "tokens": [
                50658,
                307,
                983,
                286,
                362,
                257,
                1393,
                13,
                961,
                311,
                751,
                466,
                527,
                5482,
                293,
                293,
                718,
                311,
                6794,
                264,
                50926
            ],
            "temperature": 0.0,
            "avg_logprob": -0.2515113353729248,
            "compression_ratio": 1.2905982732772827,
            "no_speech_prob": 0.5116526484489441
        },
        {
            "id": 6,
            "seek": 2388,
            "start": 35.119998931884766,
            "end": 35.7599983215332,
            "text": " plans.",
            "tokens": [
                50926,
                5482,
                13,
                50958
            ],
            "temperature": 0.0,
            "avg_logprob": -0.2515113353729248,
            "compression_ratio": 1.2905982732772827,
            "no_speech_prob": 0.5116526484489441
        }
    ]
}