{
    "transcription_text": "The Wall Street Journal also found that managed ESG funds cost five to 15 times as much in fees when compared to an index fund. Mir Statman, a professor of finance at Santa Clara University in California, concluded the same thing, that socially responsible funds tend to have higher annual fees, so their returns are likely to lag behind over time. And that's a huge issue. And one more 401k investors need to be aware of because fees eat away over time. At our retirement savings, which can impact your long-term retirement income. It doesn't matter if we're talking ESG funds or target day funds, investors need to know how much they're paying in fees, period.",
    "segments": [
        {
            "id": 0,
            "avg_logprob": -0.2996976971626282,
            "compression_ratio": 1.5547945499420166,
            "end": 6.28000020980835,
            "no_speech_prob": 0.007009925786405802,
            "seek": 0,
            "start": 0.0,
            "temperature": 0.0,
            "text": " The Wall Street Journal also found that managed ESG funds cost five to 15 times",
            "tokens": [
                50364,
                440,
                9551,
                7638,
                16936,
                611,
                1352,
                300,
                6453,
                12564,
                38,
                8271,
                2063,
                1732,
                281,
                2119,
                1413,
                50678
            ]
        },
        {
            "id": 1,
            "avg_logprob": -0.2996976971626282,
            "compression_ratio": 1.5547945499420166,
            "end": 10.920000076293945,
            "no_speech_prob": 0.007009925786405802,
            "seek": 0,
            "start": 6.28000020980835,
            "temperature": 0.0,
            "text": " as much in fees when compared to an index fund.",
            "tokens": [
                50678,
                382,
                709,
                294,
                13370,
                562,
                5347,
                281,
                364,
                8186,
                2374,
                13,
                50910
            ]
        },
        {
            "id": 2,
            "avg_logprob": -0.2996976971626282,
            "compression_ratio": 1.5547945499420166,
            "end": 15.800000190734863,
            "no_speech_prob": 0.007009925786405802,
            "seek": 0,
            "start": 11.039999961853027,
            "temperature": 0.0,
            "text": " Mir Statman, a professor of finance at Santa Clara University in California,",
            "tokens": [
                50916,
                9421,
                16249,
                1601,
                11,
                257,
                8304,
                295,
                10719,
                412,
                9933,
                32048,
                3535,
                294,
                5384,
                11,
                51154
            ]
        },
        {
            "id": 3,
            "avg_logprob": -0.2996976971626282,
            "compression_ratio": 1.5547945499420166,
            "end": 20.15999984741211,
            "no_speech_prob": 0.007009925786405802,
            "seek": 0,
            "start": 15.800000190734863,
            "temperature": 0.0,
            "text": " concluded the same thing, that socially responsible funds tend to have higher",
            "tokens": [
                51154,
                22960,
                264,
                912,
                551,
                11,
                300,
                21397,
                6250,
                8271,
                3928,
                281,
                362,
                2946,
                51372
            ]
        },
        {
            "id": 4,
            "avg_logprob": -0.2996976971626282,
            "compression_ratio": 1.5547945499420166,
            "end": 23.8799991607666,
            "no_speech_prob": 0.007009925786405802,
            "seek": 0,
            "start": 20.15999984741211,
            "temperature": 0.0,
            "text": " annual fees, so their returns are likely to lag behind over time.",
            "tokens": [
                51372,
                9784,
                13370,
                11,
                370,
                641,
                11247,
                366,
                3700,
                281,
                8953,
                2261,
                670,
                565,
                13,
                51558
            ]
        },
        {
            "id": 5,
            "avg_logprob": -0.2996976971626282,
            "compression_ratio": 1.5547945499420166,
            "end": 25.040000915527344,
            "no_speech_prob": 0.007009925786405802,
            "seek": 0,
            "start": 23.959999084472656,
            "temperature": 0.0,
            "text": " And that's a huge issue.",
            "tokens": [
                51562,
                400,
                300,
                311,
                257,
                2603,
                2734,
                13,
                51616
            ]
        },
        {
            "id": 6,
            "avg_logprob": -0.2996976971626282,
            "compression_ratio": 1.5547945499420166,
            "end": 29.84000015258789,
            "no_speech_prob": 0.007009925786405802,
            "seek": 0,
            "start": 25.040000915527344,
            "temperature": 0.0,
            "text": " And one more 401k investors need to be aware of because fees eat away over time.",
            "tokens": [
                51616,
                400,
                472,
                544,
                37510,
                74,
                11519,
                643,
                281,
                312,
                3650,
                295,
                570,
                13370,
                1862,
                1314,
                670,
                565,
                13,
                51856
            ]
        },
        {
            "id": 7,
            "avg_logprob": -0.2698787450790405,
            "compression_ratio": 1.3529411554336548,
            "end": 34.47999954223633,
            "no_speech_prob": 0.02475525438785553,
            "seek": 3000,
            "start": 30.040000915527344,
            "temperature": 0.0,
            "text": " At our retirement savings, which can impact your long-term retirement income.",
            "tokens": [
                50366,
                1711,
                527,
                15189,
                13454,
                11,
                597,
                393,
                2712,
                428,
                938,
                12,
                7039,
                15189,
                5742,
                13,
                50588
            ]
        },
        {
            "id": 8,
            "avg_logprob": -0.2698787450790405,
            "compression_ratio": 1.3529411554336548,
            "end": 40.040000915527344,
            "no_speech_prob": 0.02475525438785553,
            "seek": 3000,
            "start": 35.31999969482422,
            "temperature": 0.0,
            "text": " It doesn't matter if we're talking ESG funds or target day funds, investors",
            "tokens": [
                50630,
                467,
                1177,
                380,
                1871,
                498,
                321,
                434,
                1417,
                12564,
                38,
                8271,
                420,
                3779,
                786,
                8271,
                11,
                11519,
                50866
            ]
        },
        {
            "id": 9,